name|zip|password|email|photo|handy|report|createdAt|updatedAt|
Len English|99201|SFY64NIH7QW|aliquet.lobortis.nisi@nuncacmattis.edu|https://randomuser.me/api/portraits/men/75.jpg|15|2|2021-04-07T00:00:00Z|2021-04-08T22:13:55Z|
Victor Graves|80301|ROU92XED2IN|ad.litora@mauris.ca|https://randomuser.me/api/portraits/men/75.jpg|21|5|2021-04-07T00:00:00Z|2021-04-09T06:07:46Z|
Brody Glass|94102|FWC84LCA0QD|enim@morbitristique.net|https://randomuser.me/api/portraits/men/75.jpg|7|2|2021-04-07T00:00:00Z|2021-04-09T21:54:57Z|
Orson Bonner|80014|DEG66TWU4IM|bibendum.Donec@idnunc.co.uk|https://randomuser.me/api/portraits/men/75.jpg|32|1|2021-04-07T00:00:00Z|2021-04-09T01:11:06Z|
Andrew Clark|37130|FUG41HGT8XC|sem.ut@idliberoDonec.edu|https://randomuser.me/api/portraits/men/75.jpg|20|2|2021-04-07T00:00:00Z|2021-04-08T16:38:04Z|
Branden Cannon|99201|NPO40VPE5CM|nunc@atpedeCras.co.uk|https://randomuser.me/api/portraits/men/75.jpg|2|3|2021-04-07T00:00:00Z|2021-04-08T19:07:22Z|
Honorato Small|80301|ZKY64GMI2HP|Nunc.sed@ipsumCurabitur.co.uk|https://randomuser.me/api/portraits/men/75.jpg|37|0|2021-04-07T00:00:00Z|2021-04-09T18:03:16Z|
Joel Collier|94102|MLH53SLW8HL|Duis@ligula.edu|https://randomuser.me/api/portraits/men/75.jpg|43|1|2021-04-07T00:00:00Z|2021-04-09T17:47:00Z|
Alan Patterson|80014|BJK80EXW1DU|tellus.id.nunc@sed.ca|https://randomuser.me/api/portraits/men/75.jpg|39|1|2021-04-07T00:00:00Z|2021-04-09T08:37:32Z|
Chancellor Sparks|37130|QWJ41HUT4HX|est@Morbiaccumsanlaoreet.org|https://randomuser.me/api/portraits/men/75.jpg|7|4|2021-04-07T00:00:00Z|2021-04-09T22:44:53Z|
Valentine Robinson|99201|LOE91NIT8TO|erat.nonummy.ultricies@aliquamiaculislacus.com|https://randomuser.me/api/portraits/men/75.jpg|32|5|2021-04-07T00:00:00Z|2021-04-08T06:07:12Z|
Francis Erickson|80301|SNT61BZM4VG|quis.pede.Praesent@vitae.ca|https://randomuser.me/api/portraits/men/75.jpg|26|2|2021-04-07T00:00:00Z|2021-04-09T12:24:31Z|
Lars Workman|94102|SLP72DJQ9CQ|tellus@Duis.com|https://randomuser.me/api/portraits/men/75.jpg|42|1|2021-04-07T00:00:00Z|2021-04-08T05:53:34Z|
Kato Bennett|80014|ERO90WIH9YJ|neque.sed@semegestasblandit.ca|https://randomuser.me/api/portraits/men/75.jpg|31|0|2021-04-07T00:00:00Z|2021-04-09T03:14:03Z|
Colby Suarez|37130|NLC60EPH1IB|molestie.sodales.Mauris@nisiAeneaneget.co.uk|https://randomuser.me/api/portraits/men/75.jpg|27|0|2021-04-07T00:00:00Z|2021-04-09T15:38:06Z|
Brandon Owen|99201|HJZ30ASB4MF|Aenean.massa.Integer@nequesed.net|https://randomuser.me/api/portraits/men/75.jpg|9|3|2021-04-07T00:00:00Z|2021-04-09T00:39:20Z|
Xenos Murphy|80301|LHN29AOO1LV|Nunc.mauris.elit@nibhPhasellusnulla.net|https://randomuser.me/api/portraits/men/75.jpg|1|0|2021-04-07T00:00:00Z|2021-04-09T15:58:15Z|
Seth Melendez|94102|FAD76KIN9JI|consequat.auctor.nunc@ametdapibusid.org|https://randomuser.me/api/portraits/men/75.jpg|49|2|2021-04-07T00:00:00Z|2021-04-08T15:36:30Z|
Abel Valenzuela|80014|ORF34QVG0XC|at@sitametultricies.org|https://randomuser.me/api/portraits/men/75.jpg|37|4|2021-04-07T00:00:00Z|2021-04-09T11:43:26Z|
Silas Pollard|37130|UHY45BVZ8YF|auctor@Nullaeget.org|https://randomuser.me/api/portraits/men/75.jpg|19|3|2021-04-07T00:00:00Z|2021-04-08T18:43:46Z|
Tate Velazquez|99201|HRZ96SAE3NB|felis.Nulla@et.edu|https://randomuser.me/api/portraits/men/75.jpg|33|1|2021-04-07T00:00:00Z|2021-04-09T07:16:06Z|
Stewart Mercer|80301|AZS18TUD7OP|pellentesque@Vestibulumaccumsan.net|https://randomuser.me/api/portraits/men/75.jpg|45|3|2021-04-07T00:00:00Z|2021-04-09T18:04:20Z|
Reese Harrington|94102|FPA28UMZ3VN|risus.varius.orci@lectusante.co.uk|https://randomuser.me/api/portraits/men/75.jpg|9|1|2021-04-07T00:00:00Z|2021-04-08T23:02:21Z|
Hedley Gilmore|80014|PKG44AKT1PU|Nulla.dignissim.Maecenas@risusa.org|https://randomuser.me/api/portraits/men/75.jpg|31|0|2021-04-07T00:00:00Z|2021-04-08T17:40:37Z|
Seth Norris|37130|JPX22NES6PD|Morbi.non@etmagnisdis.edu|https://randomuser.me/api/portraits/men/75.jpg|14|5|2021-04-07T00:00:00Z|2021-04-08T00:06:36Z|
Addison Roberts|99201|BBW28STM9CI|accumsan.sed.facilisis@consequat.net|https://randomuser.me/api/portraits/men/75.jpg|8|4|2021-04-07T00:00:00Z|2021-04-09T23:09:58Z|
Cody Patel|80301|ARB14QEG9VG|In@sed.org|https://randomuser.me/api/portraits/men/75.jpg|32|4|2021-04-07T00:00:00Z|2021-04-08T10:50:22Z|
Fritz Waller|94102|KHB08JWE7JX|Fusce@arcu.edu|https://randomuser.me/api/portraits/men/75.jpg|46|2|2021-04-07T00:00:00Z|2021-04-09T16:21:33Z|
Bevis Murphy|80014|KFH47ICT7KP|id.magna.et@tempor.net|https://randomuser.me/api/portraits/men/75.jpg|44|1|2021-04-07T00:00:00Z|2021-04-09T21:18:25Z|
Hammett Wolf|37130|PHV99OAH6EH|feugiat@quispedePraesent.co.uk|https://randomuser.me/api/portraits/men/75.jpg|47|2|2021-04-07T00:00:00Z|2021-04-09T00:05:42Z|
Jared Hardy|99201|RMR72WIK6IL|est@nunc.com|https://randomuser.me/api/portraits/men/75.jpg|26|5|2021-04-07T00:00:00Z|2021-04-09T21:22:35Z|
Coby Rowe|80301|DLP67QKG5QB|semper@ultricesiaculis.ca|https://randomuser.me/api/portraits/men/75.jpg|23|4|2021-04-07T00:00:00Z|2021-04-08T10:54:04Z|
Derek Lyons|94102|SVB87ARZ0KO|Cras.eget.nisi@Crasvulputate.org|https://randomuser.me/api/portraits/men/75.jpg|7|3|2021-04-07T00:00:00Z|2021-04-08T19:21:05Z|
Carson Forbes|80014|UDJ48VDQ5SF|ante.ipsum@netuset.ca|https://randomuser.me/api/portraits/men/75.jpg|36|0|2021-04-07T00:00:00Z|2021-04-09T17:53:48Z|
Ulric Schwartz|37130|SOW93AJH6TT|lectus@varius.org|https://randomuser.me/api/portraits/men/75.jpg|20|1|2021-04-07T00:00:00Z|2021-04-08T22:59:29Z|
Jared Rhodes|99201|AXC20FAJ6DT|odio.sagittis@Sedauctor.org|https://randomuser.me/api/portraits/men/75.jpg|40|0|2021-04-07T00:00:00Z|2021-04-08T14:31:23Z|
Cole Green|80301|HGC98MJX8DU|lobortis@Aliquamrutrum.edu|https://randomuser.me/api/portraits/men/75.jpg|43|5|2021-04-07T00:00:00Z|2021-04-09T15:24:27Z|
Edan Obrien|94102|JPL48FEA4YY|non.quam@per.ca|https://randomuser.me/api/portraits/men/75.jpg|42|5|2021-04-07T00:00:00Z|2021-04-09T02:24:16Z|
Nero Ortiz|80014|PUP35OYT4EH|Integer@aauctornon.net|https://randomuser.me/api/portraits/men/75.jpg|23|0|2021-04-07T00:00:00Z|2021-04-08T03:32:25Z|
Tate Eaton|37130|QID79MPG4VN|tempor.augue@conguea.org|https://randomuser.me/api/portraits/men/75.jpg|34|2|2021-04-07T00:00:00Z|2021-04-09T17:56:06Z|
Logan Ross|99201|QCD76ZIC3ZL|magna.Nam@ac.co.uk|https://randomuser.me/api/portraits/men/75.jpg|11|4|2021-04-07T00:00:00Z|2021-04-09T18:22:17Z|
Jason Drake|80301|SMB04GGF2AH|leo.Vivamus@aneque.net|https://randomuser.me/api/portraits/men/75.jpg|28|1|2021-04-07T00:00:00Z|2021-04-09T23:30:54Z|
Richard Pacheco|94102|APZ40MGR5LS|vel@sitamet.com|https://randomuser.me/api/portraits/men/75.jpg|42|2|2021-04-07T00:00:00Z|2021-04-08T06:25:43Z|
Dominic Alvarado|80014|QKR95DDG8ER|nibh.Donec.est@euligula.ca|https://randomuser.me/api/portraits/men/75.jpg|31|3|2021-04-07T00:00:00Z|2021-04-09T12:36:48Z|
Alec Kemp|37130|OIN78PXV4ME|nec.diam.Duis@vitaepurus.ca|https://randomuser.me/api/portraits/men/75.jpg|15|0|2021-04-07T00:00:00Z|2021-04-08T00:21:59Z|
Eaton Kelley|99201|PCC43YNL3JS|sit.amet@augueid.com|https://randomuser.me/api/portraits/men/75.jpg|48|3|2021-04-07T00:00:00Z|2021-04-09T11:20:00Z|
Adam Waters|80301|CXL09LZK5JE|fringilla.porttitor.vulputate@lectusNullam.net|https://randomuser.me/api/portraits/men/75.jpg|20|5|2021-04-07T00:00:00Z|2021-04-08T07:17:04Z|
Dennis Pate|94102|RBC55GPA2IJ|parturient.montes.nascetur@aliquam.edu|https://randomuser.me/api/portraits/men/75.jpg|49|1|2021-04-07T00:00:00Z|2021-04-09T09:27:51Z|
Raja Stafford|80014|JGV54NKC5TW|rutrum.Fusce@etmagnisdis.com|https://randomuser.me/api/portraits/men/75.jpg|14|1|2021-04-07T00:00:00Z|2021-04-08T12:57:18Z|
Elliott Pollard|37130|JFY50FNI3PC|Donec@anunc.ca|https://randomuser.me/api/portraits/men/75.jpg|19|5|2021-04-07T00:00:00Z|2021-04-09T23:32:11Z|
Macaulay Brennan|99201|GQD15YRB9AP|nonummy@idmollis.com|https://randomuser.me/api/portraits/men/75.jpg|3|4|2021-04-07T00:00:00Z|2021-04-09T19:53:11Z|
Keaton Mercer|80301|HAB13CQE0DC|Aenean.massa@odioEtiamligula.edu|https://randomuser.me/api/portraits/men/75.jpg|44|1|2021-04-07T00:00:00Z|2021-04-09T09:39:47Z|
Reece Solis|94102|XDY06YDI8NI|elit.pellentesque.a@gravida.net|https://randomuser.me/api/portraits/men/75.jpg|48|5|2021-04-07T00:00:00Z|2021-04-09T22:09:12Z|
Justin Myers|80014|YTL32RAS3ED|hendrerit.a.arcu@sedorci.net|https://randomuser.me/api/portraits/men/75.jpg|16|2|2021-04-07T00:00:00Z|2021-04-09T20:08:30Z|
Callum Dodson|37130|UIX19UQD1MW|Nulla@liberoat.edu|https://randomuser.me/api/portraits/men/75.jpg|35|3|2021-04-07T00:00:00Z|2021-04-08T16:55:07Z|
Isaiah Bell|99201|TNV18IOT3VR|eu.enim@blanditenimconsequat.ca|https://randomuser.me/api/portraits/men/75.jpg|49|2|2021-04-07T00:00:00Z|2021-04-09T23:42:38Z|
Coby Haynes|80301|DXZ30KJC8FP|elit.dictum@ullamcorpernisl.org|https://randomuser.me/api/portraits/men/75.jpg|30|1|2021-04-07T00:00:00Z|2021-04-09T13:30:13Z|
Kato Rowland|94102|KMV47GJI1TC|ac.mattis@risusDonec.net|https://randomuser.me/api/portraits/men/75.jpg|21|2|2021-04-07T00:00:00Z|2021-04-08T04:26:05Z|
Phillip Lindsey|80014|BGL47WIR8AI|Quisque.nonummy.ipsum@maurisrhoncus.net|https://randomuser.me/api/portraits/men/75.jpg|2|4|2021-04-07T00:00:00Z|2021-04-08T06:25:11Z|
Darius Ashley|37130|KLV45FEV6RU|Donec.luctus.aliquet@lobortisClassaptent.co.uk|https://randomuser.me/api/portraits/men/75.jpg|26|3|2021-04-07T00:00:00Z|2021-04-09T10:38:32Z|
Brett Osborne|99201|WWS80WUI2QS|consectetuer.adipiscing.elit@pharetraNamac.org|https://randomuser.me/api/portraits/men/75.jpg|30|5|2021-04-07T00:00:00Z|2021-04-08T01:35:17Z|
Dane Tucker|80301|YTV15XQC6NO|urna.justo.faucibus@Vestibulumante.ca|https://randomuser.me/api/portraits/men/75.jpg|39|2|2021-04-07T00:00:00Z|2021-04-08T18:35:56Z|
Howard Mccoy|94102|QOD01MNN6YQ|Proin@Phasellus.com|https://randomuser.me/api/portraits/men/75.jpg|41|5|2021-04-07T00:00:00Z|2021-04-09T01:46:31Z|
Declan Heath|80014|TXK77NYS8AK|erat@auguescelerisquemollis.org|https://randomuser.me/api/portraits/men/75.jpg|17|3|2021-04-07T00:00:00Z|2021-04-09T10:07:08Z|
Tad West|37130|FSQ50DLT1FI|cursus@tellusimperdietnon.ca|https://randomuser.me/api/portraits/men/75.jpg|4|3|2021-04-07T00:00:00Z|2021-04-08T23:22:06Z|
Holmes Lowe|99201|YKM70DRX6AZ|Ut.tincidunt@Suspendisse.net|https://randomuser.me/api/portraits/men/75.jpg|31|2|2021-04-07T00:00:00Z|2021-04-08T19:15:01Z|
Alexander Ware|80301|CNH22UTH7OB|egestas.nunc@non.org|https://randomuser.me/api/portraits/men/75.jpg|13|3|2021-04-07T00:00:00Z|2021-04-09T21:36:11Z|
Quinlan Gonzales|94102|ZVT61PSQ0XO|Integer@sem.net|https://randomuser.me/api/portraits/men/75.jpg|9|2|2021-04-07T00:00:00Z|2021-04-08T03:29:34Z|
Baker Townsend|80014|DGV54WKV4GD|erat.in@Vivamus.org|https://randomuser.me/api/portraits/men/75.jpg|10|5|2021-04-07T00:00:00Z|2021-04-09T17:00:45Z|
Reed Snow|37130|ZFI11ZFN3GS|vitae@eunullaat.ca|https://randomuser.me/api/portraits/men/75.jpg|34|4|2021-04-07T00:00:00Z|2021-04-08T21:40:48Z|
Theodore Riley|99201|QUR25ZSD7RZ|malesuada.fames.ac@Nam.net|https://randomuser.me/api/portraits/men/75.jpg|2|5|2021-04-07T00:00:00Z|2021-04-09T13:04:05Z|
Conan Kidd|80301|GOR25YGX1ZP|Suspendisse.aliquet.sem@idrisusquis.org|https://randomuser.me/api/portraits/men/75.jpg|42|3|2021-04-07T00:00:00Z|2021-04-08T00:58:19Z|
Andrew Larson|94102|LRC64YKU3QM|nunc.nulla.vulputate@sollicitudin.org|https://randomuser.me/api/portraits/men/75.jpg|34|2|2021-04-07T00:00:00Z|2021-04-08T02:29:43Z|
Sean Ball|80014|QSS18NTM7MX|sit.amet.ante@nuncsedlibero.net|https://randomuser.me/api/portraits/men/75.jpg|20|0|2021-04-07T00:00:00Z|2021-04-08T06:29:50Z|
Kirk Sears|37130|QNU00TDN2SA|turpis.vitae@adipiscingelit.edu|https://randomuser.me/api/portraits/men/75.jpg|40|1|2021-04-07T00:00:00Z|2021-04-08T01:19:29Z|
Kevin Richardson|99201|AKQ30RLX8RX|aliquam.adipiscing.lacus@ataugueid.edu|https://randomuser.me/api/portraits/men/75.jpg|28|0|2021-04-07T00:00:00Z|2021-04-08T10:10:26Z|
Valentine Cooper|80301|URY26FHE2TM|ut@arcu.co.uk|https://randomuser.me/api/portraits/men/75.jpg|45|1|2021-04-07T00:00:00Z|2021-04-08T00:06:05Z|
Chandler Stark|94102|ZPP09VTI3ZF|id@justoProinnon.co.uk|https://randomuser.me/api/portraits/men/75.jpg|23|1|2021-04-07T00:00:00Z|2021-04-09T02:05:37Z|
Salvador Goodwin|80014|YPK49MER5OF|Aliquam.nec.enim@atauctorullamcorper.edu|https://randomuser.me/api/portraits/men/75.jpg|42|0|2021-04-07T00:00:00Z|2021-04-08T20:57:08Z|
Jakeem Snyder|37130|DAF26HTC4NQ|Donec.feugiat@fringillapurusmauris.edu|https://randomuser.me/api/portraits/men/75.jpg|2|5|2021-04-07T00:00:00Z|2021-04-09T18:49:34Z|
Dominic Rice|99201|NQT83CFR4AP|In@aliquet.ca|https://randomuser.me/api/portraits/men/75.jpg|37|3|2021-04-07T00:00:00Z|2021-04-09T13:51:59Z|
Elliott Glover|80301|OES41LYW2BU|massa@sociisnatoque.net|https://randomuser.me/api/portraits/men/75.jpg|45|1|2021-04-07T00:00:00Z|2021-04-08T10:57:20Z|
Steven Sampson|94102|NTR30KXU5HH|in@a.com|https://randomuser.me/api/portraits/men/75.jpg|15|4|2021-04-07T00:00:00Z|2021-04-08T05:31:34Z|
Brennan Cabrera|80014|JKX33KJF9CS|id@nequeNullam.com|https://randomuser.me/api/portraits/men/75.jpg|17|4|2021-04-07T00:00:00Z|2021-04-08T02:25:28Z|
Timothy Chang|37130|CWZ69PXC8GG|montes@estNunclaoreet.edu|https://randomuser.me/api/portraits/men/75.jpg|5|5|2021-04-07T00:00:00Z|2021-04-08T23:46:18Z|
Palmer Orr|99201|KYA25ECT0IY|lacus@risusQuisquelibero.org|https://randomuser.me/api/portraits/men/75.jpg|9|1|2021-04-07T00:00:00Z|2021-04-08T16:24:30Z|
Jordan Lane|80301|HAL26ASH2TR|feugiat.metus@idantedictum.ca|https://randomuser.me/api/portraits/men/75.jpg|16|5|2021-04-07T00:00:00Z|2021-04-09T17:15:31Z|
Jelani Maldonado|94102|RRT53OMG3ZA|iaculis@Aliquam.co.uk|https://randomuser.me/api/portraits/men/75.jpg|43|5|2021-04-07T00:00:00Z|2021-04-09T01:12:47Z|
Rigel Massey|80014|IFC60TEL7YU|sit@urnajusto.edu|https://randomuser.me/api/portraits/men/75.jpg|32|5|2021-04-07T00:00:00Z|2021-04-08T04:53:50Z|
John Shaffer|37130|QSH59BPZ0IL|purus.gravida@temporaugueac.com|https://randomuser.me/api/portraits/men/75.jpg|41|5|2021-04-07T00:00:00Z|2021-04-09T19:09:49Z|
Kadeem Tillman|99201|TXH33AKB3JO|tincidunt.neque.vitae@magna.net|https://randomuser.me/api/portraits/men/75.jpg|20|3|2021-04-07T00:00:00Z|2021-04-09T05:03:58Z|
Drew Bolton|80301|API14MUM7PB|ac.libero@Integeraliquamadipiscing.net|https://randomuser.me/api/portraits/men/75.jpg|27|2|2021-04-07T00:00:00Z|2021-04-09T10:23:53Z|
Yuli Flynn|94102|FTW41RWM7AJ|ac.fermentum@Donecconsectetuer.com|https://randomuser.me/api/portraits/men/75.jpg|30|1|2021-04-07T00:00:00Z|2021-04-09T02:30:28Z|
Josiah Walter|80014|CBS15BSZ1UY|consequat.dolor.vitae@tellussem.com|https://randomuser.me/api/portraits/men/75.jpg|31|4|2021-04-07T00:00:00Z|2021-04-08T10:46:55Z|
Perry Walsh|37130|TZB13OBH2UZ|sapien@nec.ca|https://randomuser.me/api/portraits/men/75.jpg|24|4|2021-04-07T00:00:00Z|2021-04-08T23:03:23Z|
Barclay Foley|99201|MQZ88JNL2UZ|dui.Fusce.aliquam@Cumsociisnatoque.co.uk|https://randomuser.me/api/portraits/men/75.jpg|19|4|2021-04-07T00:00:00Z|2021-04-08T14:30:12Z|
Amery Myers|80301|RHV46WVG6YK|libero.Morbi.accumsan@magnaPhasellusdolor.net|https://randomuser.me/api/portraits/men/75.jpg|11|0|2021-04-07T00:00:00Z|2021-04-08T14:44:12Z|
Brennan Huber|94102|NTF20ERR9HO|aliquet.metus.urna@Praesent.com|https://randomuser.me/api/portraits/men/75.jpg|12|5|2021-04-07T00:00:00Z|2021-04-08T01:05:01Z|
Jelani Oneal|80014|LWY80CSG4WQ|Sed@euenim.ca|https://randomuser.me/api/portraits/men/75.jpg|12|0|2021-04-07T00:00:00Z|2021-04-09T20:33:44Z|
Garth Gillespie|37130|DML19VQQ5OG|dolor.sit.amet@aaliquetvel.co.uk|https://randomuser.me/api/portraits/men/75.jpg|10|2|2021-04-07T00:00:00Z|2021-04-09T06:49:28Z|
Lacota Kelley|99201|TWV56DCV3GO|dapibus@Cumsociis.co.uk|https://randomuser.me/api/portraits/women/75.jpg|12|0|2021-04-08T00:00:00Z|2021-04-09T20:20:43Z|
Ulla Hancock|80301|QEM63LUM0WB|lectus@eleifendegestas.com|https://randomuser.me/api/portraits/women/75.jpg|17|0|2021-04-08T00:00:00Z|2021-04-09T04:10:23Z|
Mary Hinton|94102|TWZ78LBV7VE|non@dolornonummyac.net|https://randomuser.me/api/portraits/women/75.jpg|25|1|2021-04-08T00:00:00Z|2021-04-09T05:20:19Z|
Shea Estes|80014|PAN14POJ8YQ|taciti.sociosqu@bibendumullamcorperDuis.net|https://randomuser.me/api/portraits/women/75.jpg|21|2|2021-04-08T00:00:00Z|2021-04-09T12:54:13Z|
Pandora Casey|37130|SWU81MAV4GO|dictum.ultricies@Uttincidunt.edu|https://randomuser.me/api/portraits/women/75.jpg|8|1|2021-04-08T00:00:00Z|2021-04-09T15:21:19Z|
Aiko Colon|99201|LPQ13COY5IE|vel@nectempusmauris.co.uk|https://randomuser.me/api/portraits/women/75.jpg|5|0|2021-04-08T00:00:00Z|2021-04-09T22:59:15Z|
Angela Harvey|80301|PYC44GTQ7LP|morbi.tristique.senectus@Duisami.com|https://randomuser.me/api/portraits/women/75.jpg|15|0|2021-04-08T00:00:00Z|2021-04-09T17:16:02Z|
Emerald Kramer|94102|UXW30NOQ9BM|erat@tortor.ca|https://randomuser.me/api/portraits/women/75.jpg|9|0|2021-04-08T00:00:00Z|2021-04-09T02:18:49Z|
Nichole Moses|80014|XLR37NAL7JM|dapibus@ligula.ca|https://randomuser.me/api/portraits/women/75.jpg|4|0|2021-04-08T00:00:00Z|2021-04-09T22:10:34Z|
Shafira Yang|37130|FDX91SJA6ZL|Cras.convallis@lectusante.co.uk|https://randomuser.me/api/portraits/women/75.jpg|11|0|2021-04-08T00:00:00Z|2021-04-09T08:36:55Z|
Angelica Brown|99201|LOQ71ZDN3WW|Cras@atrisus.com|https://randomuser.me/api/portraits/women/75.jpg|13|1|2021-04-08T00:00:00Z|2021-04-09T21:51:22Z|
Bertha Bonner|80301|SHS32WCP9JD|consequat@viverraMaecenas.org|https://randomuser.me/api/portraits/women/75.jpg|11|2|2021-04-08T00:00:00Z|2021-04-09T19:09:23Z|
Charissa Bentley|94102|NDF35WDI2BQ|Curabitur@tincidunt.ca|https://randomuser.me/api/portraits/women/75.jpg|23|2|2021-04-08T00:00:00Z|2021-04-09T19:04:47Z|
Kyla England|80014|CND51ROC8IK|penatibus.et@erateget.co.uk|https://randomuser.me/api/portraits/women/75.jpg|5|0|2021-04-08T00:00:00Z|2021-04-09T07:34:55Z|
Azalia Faulkner|37130|NGF04RXU1CD|ac.tellus.Suspendisse@molestiepharetranibh.com|https://randomuser.me/api/portraits/women/75.jpg|1|1|2021-04-08T00:00:00Z|2021-04-09T03:46:40Z|
Maggie Holloway|99201|MPQ59EHR6JQ|rutrum.Fusce.dolor@hendrerit.org|https://randomuser.me/api/portraits/women/75.jpg|21|2|2021-04-08T00:00:00Z|2021-04-09T00:55:06Z|
Jana Ayers|80301|OTB85UQQ7WP|feugiat@elit.ca|https://randomuser.me/api/portraits/women/75.jpg|9|0|2021-04-08T00:00:00Z|2021-04-09T23:06:25Z|
Colette Hooper|94102|DBB77RFX6BS|eu@laoreetlectus.co.uk|https://randomuser.me/api/portraits/women/75.jpg|21|2|2021-04-08T00:00:00Z|2021-04-09T16:54:19Z|
Amela Crawford|80014|XMD22EBO7VO|justo.Proin@leoMorbi.com|https://randomuser.me/api/portraits/women/75.jpg|1|0|2021-04-08T00:00:00Z|2021-04-09T16:04:19Z|
Buffy Frost|37130|LBA23KWN2DE|Cras.eget.nisi@magnaUt.edu|https://randomuser.me/api/portraits/women/75.jpg|13|0|2021-04-08T00:00:00Z|2021-04-09T14:10:40Z|
Anne Singleton|99201|RGR86GCH7ZE|enim.Suspendisse.aliquet@eratvolutpatNulla.co.uk|https://randomuser.me/api/portraits/women/75.jpg|6|1|2021-04-08T00:00:00Z|2021-04-09T01:30:50Z|
Adrienne Duke|80301|VXM12IVA6OH|Nulla.tempor@at.net|https://randomuser.me/api/portraits/women/75.jpg|10|0|2021-04-08T00:00:00Z|2021-04-09T17:04:16Z|
Hanna Forbes|94102|AKG71HLX3WD|Nullam.suscipit@sitamet.org|https://randomuser.me/api/portraits/women/75.jpg|25|2|2021-04-08T00:00:00Z|2021-04-09T09:57:33Z|
Ifeoma Skinner|80014|GEX42PZB2GX|fringilla.mi.lacinia@lacusNullatincidunt.com|https://randomuser.me/api/portraits/women/75.jpg|10|2|2021-04-08T00:00:00Z|2021-04-09T07:59:55Z|
Pamela Finch|37130|GAH37ZON3HS|tempus.scelerisque.lorem@dapibus.edu|https://randomuser.me/api/portraits/women/75.jpg|22|2|2021-04-08T00:00:00Z|2021-04-09T07:39:14Z|
Cheyenne Buckley|99201|EXN64AOH4FG|enim.condimentum.eget@tellus.org|https://randomuser.me/api/portraits/women/75.jpg|10|0|2021-04-08T00:00:00Z|2021-04-09T20:11:31Z|
Kylee Rios|80301|XJX74YHI3SG|arcu.Nunc@dictumProineget.com|https://randomuser.me/api/portraits/women/75.jpg|3|1|2021-04-08T00:00:00Z|2021-04-09T15:12:42Z|
Tatyana Lott|94102|EJW53VOF4EB|ornare@egestasa.com|https://randomuser.me/api/portraits/women/75.jpg|5|2|2021-04-08T00:00:00Z|2021-04-09T01:27:59Z|
Lois Riddle|80014|RKF62EPX9AB|velit.justo.nec@laoreetlibero.org|https://randomuser.me/api/portraits/women/75.jpg|3|1|2021-04-08T00:00:00Z|2021-04-09T21:25:03Z|
Alika Avery|37130|VWR51VBH7IY|dolor.dapibus@necimperdiet.com|https://randomuser.me/api/portraits/women/75.jpg|5|2|2021-04-08T00:00:00Z|2021-04-09T04:03:23Z|
Isadora Martin|99201|CAQ65TKV7QY|amet.diam.eu@esttempor.ca|https://randomuser.me/api/portraits/women/75.jpg|8|2|2021-04-08T00:00:00Z|2021-04-09T02:15:53Z|
Amaya Mills|80301|GUI70XCE8GF|tincidunt@eget.org|https://randomuser.me/api/portraits/women/75.jpg|0|2|2021-04-08T00:00:00Z|2021-04-09T17:01:56Z|
Hyacinth Skinner|94102|DFF28YWH9AG|Integer@egestasurna.ca|https://randomuser.me/api/portraits/women/75.jpg|17|2|2021-04-08T00:00:00Z|2021-04-09T17:44:24Z|
Sade Frederick|80014|DVB07WPD5EZ|luctus.sit.amet@dignissimlacus.org|https://randomuser.me/api/portraits/women/75.jpg|23|2|2021-04-08T00:00:00Z|2021-04-09T09:23:58Z|
Farrah Mercer|37130|UVZ66CAE1VQ|rutrum@ornareFuscemollis.com|https://randomuser.me/api/portraits/women/75.jpg|12|1|2021-04-08T00:00:00Z|2021-04-09T21:27:44Z|
Kalia Sanford|99201|CXY29FLA8WY|gravida@arcuVivamussit.com|https://randomuser.me/api/portraits/women/75.jpg|5|0|2021-04-08T00:00:00Z|2021-04-09T18:10:11Z|
Mollie Heath|80301|YAI89POD4TN|et.nunc.Quisque@justoPraesent.ca|https://randomuser.me/api/portraits/women/75.jpg|10|1|2021-04-08T00:00:00Z|2021-04-09T13:28:51Z|
Melanie Wallace|94102|EEH24JWQ8ZD|Suspendisse.commodo@dolordolor.org|https://randomuser.me/api/portraits/women/75.jpg|9|0|2021-04-08T00:00:00Z|2021-04-09T17:28:33Z|
Lani Rocha|80014|CML68TDK0QM|ac.tellus@fermentum.org|https://randomuser.me/api/portraits/women/75.jpg|1|2|2021-04-08T00:00:00Z|2021-04-09T14:00:43Z|
Jenna Mcknight|37130|HCC83UJE6QO|Proin.vel@fringillaporttitorvulputate.ca|https://randomuser.me/api/portraits/women/75.jpg|12|1|2021-04-08T00:00:00Z|2021-04-09T12:35:29Z|
Danielle Glover|99201|UFQ29DMZ7HY|nibh@auguemalesuadamalesuada.net|https://randomuser.me/api/portraits/women/75.jpg|13|0|2021-04-08T00:00:00Z|2021-04-09T01:59:17Z|
Adena Callahan|80301|GCR47VXV8ZA|elementum@ProinultricesDuis.edu|https://randomuser.me/api/portraits/women/75.jpg|25|2|2021-04-08T00:00:00Z|2021-04-09T20:08:30Z|
Tasha Pacheco|94102|YVI60UHY1IH|nisl.Nulla@posuerecubilia.edu|https://randomuser.me/api/portraits/women/75.jpg|16|1|2021-04-08T00:00:00Z|2021-04-09T06:47:37Z|
Kai Workman|80014|MPH78GJK6DJ|at.nisi.Cum@laoreetposuereenim.com|https://randomuser.me/api/portraits/women/75.jpg|22|1|2021-04-08T00:00:00Z|2021-04-09T04:48:00Z|
Abigail Copeland|37130|LSO57BGC2HY|molestie@aliquetliberoInteger.edu|https://randomuser.me/api/portraits/women/75.jpg|14|1|2021-04-08T00:00:00Z|2021-04-09T18:42:08Z|
Colette Atkins|99201|PQF78DVG8WX|mauris.Morbi@vulputatelacus.com|https://randomuser.me/api/portraits/women/75.jpg|8|2|2021-04-08T00:00:00Z|2021-04-09T09:46:53Z|
Leilani Horne|80301|XFF77AML5HM|ac.nulla@enim.co.uk|https://randomuser.me/api/portraits/women/75.jpg|10|1|2021-04-08T00:00:00Z|2021-04-09T02:26:53Z|
Kalia Ochoa|94102|VLX22UQQ8XR|Cras.interdum.Nunc@pellentesqueegetdictum.edu|https://randomuser.me/api/portraits/women/75.jpg|19|2|2021-04-08T00:00:00Z|2021-04-09T03:18:46Z|
Mechelle Clark|80014|WJN97MWJ5WN|Maecenas.mi@felisegetvarius.co.uk|https://randomuser.me/api/portraits/women/75.jpg|4|0|2021-04-08T00:00:00Z|2021-04-09T14:45:25Z|
Evelyn Henderson|37130|HMM50ZKO9SZ|sit.amet.ante@risusvarius.net|https://randomuser.me/api/portraits/women/75.jpg|5|2|2021-04-08T00:00:00Z|2021-04-09T22:36:04Z|
Amy Sykes|99201|AOM27FZV2RM|elementum.at.egestas@odio.ca|https://randomuser.me/api/portraits/women/75.jpg|3|2|2021-04-08T00:00:00Z|2021-04-09T22:48:57Z|
Fatima Wilder|80301|XGK14KDA8LA|Sed.malesuada@blanditNam.net|https://randomuser.me/api/portraits/women/75.jpg|23|1|2021-04-08T00:00:00Z|2021-04-09T21:13:32Z|
Mallory Hart|94102|DVJ17QDB5GS|quis.lectus@mitemporlorem.org|https://randomuser.me/api/portraits/women/75.jpg|0|0|2021-04-08T00:00:00Z|2021-04-09T18:36:40Z|
Yoko Donovan|80014|SEG50DOD1AJ|natoque.penatibus.et@elitCurabitursed.ca|https://randomuser.me/api/portraits/women/75.jpg|16|0|2021-04-08T00:00:00Z|2021-04-09T01:07:11Z|
September Jimenez|37130|OTT84LBM3OP|Integer.vulputate@nequetellus.net|https://randomuser.me/api/portraits/women/75.jpg|25|0|2021-04-08T00:00:00Z|2021-04-09T06:03:25Z|
Kelsey Chase|99201|JLW71HIB2TH|quis@egetvenenatisa.ca|https://randomuser.me/api/portraits/women/75.jpg|4|0|2021-04-08T00:00:00Z|2021-04-09T23:23:39Z|
Farrah Hartman|80301|IUL89RUW2RA|malesuada.ut.sem@loremtristiquealiquet.org|https://randomuser.me/api/portraits/women/75.jpg|17|2|2021-04-08T00:00:00Z|2021-04-09T04:21:01Z|
Eleanor Padilla|94102|OSC21RKX3AU|dictum.ultricies.ligula@fringilla.co.uk|https://randomuser.me/api/portraits/women/75.jpg|14|1|2021-04-08T00:00:00Z|2021-04-09T10:00:03Z|
Melodie Bray|80014|GIL65VYK9PG|magna.Cras@veliteu.edu|https://randomuser.me/api/portraits/women/75.jpg|11|1|2021-04-08T00:00:00Z|2021-04-09T17:57:19Z|
Ivy Tanner|37130|FWV74ZFQ7CT|Vestibulum.ante@diam.org|https://randomuser.me/api/portraits/women/75.jpg|0|1|2021-04-08T00:00:00Z|2021-04-09T01:17:00Z|
TaShya Lloyd|99201|VCW70MJD5PQ|arcu@Nullasemper.ca|https://randomuser.me/api/portraits/women/75.jpg|12|1|2021-04-08T00:00:00Z|2021-04-09T06:47:16Z|
Amaya Madden|80301|ADG56CTX2EP|sit.amet@laoreetipsum.com|https://randomuser.me/api/portraits/women/75.jpg|16|2|2021-04-08T00:00:00Z|2021-04-09T01:26:45Z|
Kitra Bell|94102|LBD36OEX9TB|et.ipsum@consectetuerrhoncusNullam.net|https://randomuser.me/api/portraits/women/75.jpg|8|0|2021-04-08T00:00:00Z|2021-04-09T22:57:58Z|
Fallon Hood|80014|ZPW38SXN7BZ|Sed.nunc@elitelit.net|https://randomuser.me/api/portraits/women/75.jpg|0|1|2021-04-08T00:00:00Z|2021-04-09T19:17:42Z|
Kaye Neal|37130|WHU75ZPI6ON|Cum.sociis.natoque@Donecsollicitudinadipiscing.net|https://randomuser.me/api/portraits/women/75.jpg|6|0|2021-04-08T00:00:00Z|2021-04-09T09:14:27Z|
Lareina Dixon|99201|ZIQ39VYV8NG|sociis@arcuCurabiturut.net|https://randomuser.me/api/portraits/women/75.jpg|8|1|2021-04-08T00:00:00Z|2021-04-09T04:58:31Z|
Raven Walter|80301|FEO16LLM8OD|magna.Phasellus.dolor@PhasellusornareFusce.ca|https://randomuser.me/api/portraits/women/75.jpg|14|2|2021-04-08T00:00:00Z|2021-04-09T08:44:48Z|
Risa Lott|94102|MHB27MTK7KF|auctor.vitae@tellusjusto.com|https://randomuser.me/api/portraits/women/75.jpg|9|2|2021-04-08T00:00:00Z|2021-04-09T22:37:49Z|
Sandra Reese|80014|UZL75UAI6WJ|eget@orciquis.co.uk|https://randomuser.me/api/portraits/women/75.jpg|22|2|2021-04-08T00:00:00Z|2021-04-09T10:52:57Z|
Teagan Kennedy|37130|LFW18PGV6OG|ultrices.mauris@massaVestibulum.ca|https://randomuser.me/api/portraits/women/75.jpg|0|0|2021-04-08T00:00:00Z|2021-04-09T23:46:21Z|
Fleur Cooley|99201|GFA50VYP4MQ|non.dapibus@hendreritneque.edu|https://randomuser.me/api/portraits/women/75.jpg|7|1|2021-04-08T00:00:00Z|2021-04-09T02:48:07Z|
Hedwig Whitfield|80301|KNB46ECW2JZ|molestie@tellusNunclectus.com|https://randomuser.me/api/portraits/women/75.jpg|11|2|2021-04-08T00:00:00Z|2021-04-09T17:20:02Z|
Nola Harvey|94102|JQU01RWT8UB|eros@et.net|https://randomuser.me/api/portraits/women/75.jpg|14|1|2021-04-08T00:00:00Z|2021-04-09T06:02:59Z|
Chava Snider|80014|FYN07EIG4KU|dolor.Quisque.tincidunt@interdum.ca|https://randomuser.me/api/portraits/women/75.jpg|0|0|2021-04-08T00:00:00Z|2021-04-09T05:57:03Z|
Francesca Sosa|37130|DAF71JXI5RK|euismod.enim@MaurismagnaDuis.com|https://randomuser.me/api/portraits/women/75.jpg|0|2|2021-04-08T00:00:00Z|2021-04-09T08:04:15Z|
Alexandra Hendricks|99201|KVG84IFO6UL|lobortis@interdumNunc.net|https://randomuser.me/api/portraits/women/75.jpg|0|2|2021-04-08T00:00:00Z|2021-04-09T04:34:03Z|
Amity Mullins|80301|SQL98USD8BI|nec.luctus.felis@luctusipsum.net|https://randomuser.me/api/portraits/women/75.jpg|13|1|2021-04-08T00:00:00Z|2021-04-09T01:05:26Z|
Doris Singleton|94102|EDF68OJA9ND|sem.mollis.dui@tincidunt.net|https://randomuser.me/api/portraits/women/75.jpg|1|1|2021-04-08T00:00:00Z|2021-04-09T05:56:13Z|
Alice Blankenship|80014|WRG82HAE6OR|vel.pede.blandit@perinceptos.com|https://randomuser.me/api/portraits/women/75.jpg|25|2|2021-04-08T00:00:00Z|2021-04-09T07:33:42Z|
Ruth Conley|37130|XUC84CCH6PV|eget.ipsum@cursusvestibulum.net|https://randomuser.me/api/portraits/women/75.jpg|5|0|2021-04-08T00:00:00Z|2021-04-09T02:38:38Z|
Rhiannon Diaz|99201|YAD85ZPI1ME|ipsum.non@magnisdis.ca|https://randomuser.me/api/portraits/women/75.jpg|4|1|2021-04-08T00:00:00Z|2021-04-09T22:41:59Z|
Whilemina Townsend|80301|OZG87DWH4VC|vitae.erat@nunc.edu|https://randomuser.me/api/portraits/women/75.jpg|12|1|2021-04-08T00:00:00Z|2021-04-09T06:44:03Z|
Kirby Parrish|94102|UPY18TNR0NU|non.vestibulum@eteros.net|https://randomuser.me/api/portraits/women/75.jpg|23|0|2021-04-08T00:00:00Z|2021-04-09T23:51:00Z|
Ifeoma Shields|80014|RQU11QZS8YH|nec@aenim.ca|https://randomuser.me/api/portraits/women/75.jpg|16|1|2021-04-08T00:00:00Z|2021-04-09T14:26:33Z|
Jaime Parsons|37130|CWQ85XWE1MK|Donec.nibh@lorem.edu|https://randomuser.me/api/portraits/women/75.jpg|23|0|2021-04-08T00:00:00Z|2021-04-09T22:44:08Z|
Miranda Santiago|99201|FBT40EUV8HT|accumsan.neque@sedhendrerit.com|https://randomuser.me/api/portraits/women/75.jpg|0|2|2021-04-08T00:00:00Z|2021-04-09T10:26:14Z|
Kaitlin Chandler|80301|BPL37PFB5NU|et@lacusvestibulum.edu|https://randomuser.me/api/portraits/women/75.jpg|9|2|2021-04-08T00:00:00Z|2021-04-09T02:30:40Z|
Robin Chan|94102|PTS17QSA7WM|sollicitudin@nullamagna.edu|https://randomuser.me/api/portraits/women/75.jpg|5|2|2021-04-08T00:00:00Z|2021-04-09T15:31:47Z|
Audrey Fields|80014|TLO18QDS3TN|Aenean.euismod@molestie.co.uk|https://randomuser.me/api/portraits/women/75.jpg|16|2|2021-04-08T00:00:00Z|2021-04-09T08:54:52Z|
Nadine Cummings|37130|BXD73MCP6QS|odio@Sednecmetus.com|https://randomuser.me/api/portraits/women/75.jpg|16|0|2021-04-08T00:00:00Z|2021-04-09T03:06:19Z|
Colette Espinoza|99201|HEW81ARH7LO|tellus.eu.augue@ultricesposuere.co.uk|https://randomuser.me/api/portraits/women/75.jpg|8|2|2021-04-08T00:00:00Z|2021-04-09T22:38:32Z|
Cora Barton|80301|XPG07AAQ8GR|ligula.eu.enim@lobortisultrices.ca|https://randomuser.me/api/portraits/women/75.jpg|9|0|2021-04-08T00:00:00Z|2021-04-09T14:51:37Z|
Jessamine Spencer|94102|CSI79JBJ2ZF|eu.metus@arcu.com|https://randomuser.me/api/portraits/women/75.jpg|15|1|2021-04-08T00:00:00Z|2021-04-09T22:12:38Z|
Melanie Boyer|80014|LTV64QRY5XB|faucibus.Morbi@malesuada.co.uk|https://randomuser.me/api/portraits/women/75.jpg|18|0|2021-04-08T00:00:00Z|2021-04-09T22:20:00Z|
Delilah Duran|37130|LZO57LKP5OX|Integer.mollis@metusIn.edu|https://randomuser.me/api/portraits/women/75.jpg|0|2|2021-04-08T00:00:00Z|2021-04-09T09:29:32Z|
Mollie Stephens|99201|EQF39XKU6IB|blandit.at@eunibhvulputate.net|https://randomuser.me/api/portraits/women/75.jpg|15|2|2021-04-08T00:00:00Z|2021-04-09T23:31:59Z|
Desiree Hunt|80301|IZS00IRZ6WT|tellus@mauris.edu|https://randomuser.me/api/portraits/women/75.jpg|19|1|2021-04-08T00:00:00Z|2021-04-09T12:58:03Z|
Dara Stephens|94102|IET45VDA9YF|commodo@adipiscingMauris.org|https://randomuser.me/api/portraits/women/75.jpg|12|2|2021-04-08T00:00:00Z|2021-04-09T02:15:00Z|
Cecilia Odonnell|80014|SFT74SNU1LB|ultrices@dolorFusce.co.uk|https://randomuser.me/api/portraits/women/75.jpg|25|2|2021-04-08T00:00:00Z|2021-04-09T01:06:42Z|
Serena Delaney|37130|XEL85PQF5EJ|lorem.fringilla.ornare@hendrerit.net|https://randomuser.me/api/portraits/women/75.jpg|17|0|2021-04-08T00:00:00Z|2021-04-09T13:19:55Z|
Aladdin Harrington|99201|TUE25OJU7YR|ullamcorper.viverra@semperrutrum.co.uk|https://randomuser.me/api/portraits/men/75.jpg|5|1|2021-04-09T00:00:00Z|2021-04-10T00:00:00Z|
Phillip Sawyer|80301|GEW28BIF0PC|vitae.aliquam@nonsollicitudina.com|https://randomuser.me/api/portraits/men/75.jpg|5|0|2021-04-09T00:00:00Z|2021-04-10T00:00:00Z|
Hu Sheppard|94102|TPB81JNM6VG|volutpat.ornare@lectusante.org|https://randomuser.me/api/portraits/men/75.jpg|4|1|2021-04-09T00:00:00Z|2021-04-10T00:00:00Z|
Jonas Woodward|80014|CRN70OYO9KN|massa@eros.edu|https://randomuser.me/api/portraits/men/75.jpg|1|0|2021-04-09T00:00:00Z|2021-04-10T00:00:00Z|
Jameson Snider|37130|TYR89GFI9JV|vestibulum.massa@maurissagittis.ca|https://randomuser.me/api/portraits/men/75.jpg|2|0|2021-04-09T00:00:00Z|2021-04-10T00:00:00Z|
Leroy Poole|99201|LRI56TEL8PG|malesuada@fringillamilacinia.ca|https://randomuser.me/api/portraits/men/75.jpg|7|0|2021-04-09T00:00:00Z|2021-04-10T00:00:00Z|
Garrison Stevenson|80301|SBQ53OGD1TL|Nam.interdum.enim@duilectusrutrum.net|https://randomuser.me/api/portraits/men/75.jpg|5|0|2021-04-09T00:00:00Z|2021-04-10T00:00:00Z|
Driscoll Mills|94102|MAT14ZJT9HL|porttitor.vulputate@necdiamDuis.co.uk|https://randomuser.me/api/portraits/men/75.jpg|9|1|2021-04-09T00:00:00Z|2021-04-10T00:00:00Z|
Cairo Woodard|80014|AGJ61NCU3FE|semper@acmattisornare.net|https://randomuser.me/api/portraits/men/75.jpg|1|0|2021-04-09T00:00:00Z|2021-04-10T00:00:00Z|
Avram Weber|37130|LJL74FWV8BG|eleifend@cursus.org|https://randomuser.me/api/portraits/men/75.jpg|9|1|2021-04-09T00:00:00Z|2021-04-10T00:00:00Z|
Todd Warren|99201|EWS37YPE0OY|semper@urnajustofaucibus.ca|https://randomuser.me/api/portraits/men/75.jpg|1|0|2021-04-09T00:00:00Z|2021-04-10T00:00:00Z|
Odysseus Sawyer|80301|VNO18YRQ4DK|faucibus.orci.luctus@liberoest.net|https://randomuser.me/api/portraits/men/75.jpg|1|1|2021-04-09T00:00:00Z|2021-04-10T00:00:00Z|
Jeremy Atkins|94102|JYU58KUU4IR|in.tempus.eu@augueid.com|https://randomuser.me/api/portraits/men/75.jpg|10|0|2021-04-09T00:00:00Z|2021-04-10T00:00:00Z|
Murphy Gonzales|80014|YMU63ACC1FJ|egestas.Duis.ac@augue.org|https://randomuser.me/api/portraits/men/75.jpg|6|0|2021-04-09T00:00:00Z|2021-04-10T00:00:00Z|
Nathan Salas|37130|PEZ51PUM0CH|Mauris@vel.edu|https://randomuser.me/api/portraits/men/75.jpg|10|0|2021-04-09T00:00:00Z|2021-04-10T00:00:00Z|
Giacomo Rios|99201|OZR73VIT0LX|fringilla@nibhsitamet.org|https://randomuser.me/api/portraits/men/75.jpg|9|1|2021-04-09T00:00:00Z|2021-04-10T00:00:00Z|
Colin Thornton|80301|YHR63VVT8YZ|lacus@vulputatenisisem.edu|https://randomuser.me/api/portraits/men/75.jpg|8|1|2021-04-09T00:00:00Z|2021-04-10T00:00:00Z|
Kadeem Watts|94102|XDL51ISE8ZY|ultrices.iaculis@Quisquenonummyipsum.net|https://randomuser.me/api/portraits/men/75.jpg|4|1|2021-04-09T00:00:00Z|2021-04-10T00:00:00Z|
Tiger Silva|80014|KSF00THI2MI|Sed.eu.nibh@morbi.net|https://randomuser.me/api/portraits/men/75.jpg|1|0|2021-04-09T00:00:00Z|2021-04-10T00:00:00Z|
Amery Keller|37130|WUF73CJZ7MB|eu.tellus.eu@pede.co.uk|https://randomuser.me/api/portraits/men/75.jpg|1|1|2021-04-09T00:00:00Z|2021-04-10T00:00:00Z|
Stone Bass|99201|LWQ58EYJ4GV|lectus.quis@Aenean.com|https://randomuser.me/api/portraits/men/75.jpg|2|1|2021-04-09T00:00:00Z|2021-04-10T00:00:00Z|
Boris Cash|80301|PFM10AMP7CL|ante.dictum@neccursus.org|https://randomuser.me/api/portraits/men/75.jpg|0|0|2021-04-09T00:00:00Z|2021-04-10T00:00:00Z|
Daniel Rhodes|94102|TCI11VQT4RB|in.felis@dictummagnaUt.org|https://randomuser.me/api/portraits/men/75.jpg|6|1|2021-04-09T00:00:00Z|2021-04-10T00:00:00Z|
Wing Haney|80014|TWG08THF6FT|quis.arcu@nullamagnamalesuada.ca|https://randomuser.me/api/portraits/men/75.jpg|6|1|2021-04-09T00:00:00Z|2021-04-10T00:00:00Z|
Kibo Joyce|37130|SVF72HEX6SW|arcu.iaculis@elitpretium.edu|https://randomuser.me/api/portraits/men/75.jpg|3|0|2021-04-09T00:00:00Z|2021-04-10T00:00:00Z|
Devin Wilkins|99201|JRP56WLD8AL|arcu.vel.quam@sodalesnisimagna.net|https://randomuser.me/api/portraits/men/75.jpg|10|0|2021-04-09T00:00:00Z|2021-04-10T00:00:00Z|
Odysseus Gibson|80301|TMW68WBH4RZ|erat@nonummyFuscefermentum.edu|https://randomuser.me/api/portraits/men/75.jpg|10|0|2021-04-09T00:00:00Z|2021-04-10T00:00:00Z|
Preston Castro|94102|INQ18TWM3AJ|justo.Praesent.luctus@duilectusrutrum.net|https://randomuser.me/api/portraits/men/75.jpg|8|0|2021-04-09T00:00:00Z|2021-04-10T00:00:00Z|
Xanthus Mckee|80014|TPC61BRV9RC|facilisis.Suspendisse.commodo@duiaugue.com|https://randomuser.me/api/portraits/men/75.jpg|4|1|2021-04-09T00:00:00Z|2021-04-10T00:00:00Z|
Rafael Petersen|37130|GHZ35ESS5GR|quam@imperdietullamcorperDuis.org|https://randomuser.me/api/portraits/men/75.jpg|2|1|2021-04-09T00:00:00Z|2021-04-10T00:00:00Z|
Dustin Brennan|99201|ITR12KVS5GL|iaculis.aliquet.diam@nonluctus.co.uk|https://randomuser.me/api/portraits/men/75.jpg|7|1|2021-04-09T00:00:00Z|2021-04-10T00:00:00Z|
Dominic Cooper|80301|FII18NTI6US|sollicitudin@adipiscingelitEtiam.org|https://randomuser.me/api/portraits/men/75.jpg|2|1|2021-04-09T00:00:00Z|2021-04-10T00:00:00Z|
Christian Carney|94102|NWT68JLN0CU|urna.et@nisisem.edu|https://randomuser.me/api/portraits/men/75.jpg|9|1|2021-04-09T00:00:00Z|2021-04-10T00:00:00Z|
Troy Brown|80014|LCS21IIS2JK|Ut.semper.pretium@at.edu|https://randomuser.me/api/portraits/men/75.jpg|0|0|2021-04-09T00:00:00Z|2021-04-10T00:00:00Z|
Lucius William|37130|DUN05FLT5QA|enim.Mauris@nisidictumaugue.co.uk|https://randomuser.me/api/portraits/men/75.jpg|1|1|2021-04-09T00:00:00Z|2021-04-10T00:00:00Z|
Troy Morrow|99201|XAR84RHH4MC|ornare.lectus@mollis.org|https://randomuser.me/api/portraits/men/75.jpg|1|1|2021-04-09T00:00:00Z|2021-04-10T00:00:00Z|
Keaton Rosario|80301|VQT69QHC3SN|magna.Phasellus.dolor@ridiculusmus.co.uk|https://randomuser.me/api/portraits/men/75.jpg|6|0|2021-04-09T00:00:00Z|2021-04-10T00:00:00Z|
Leo Ballard|94102|MIG07ETJ9LA|adipiscing.lobortis@nisiMaurisnulla.net|https://randomuser.me/api/portraits/men/75.jpg|1|1|2021-04-09T00:00:00Z|2021-04-10T00:00:00Z|
Harper Howell|80014|VOT39XJF8BT|Mauris@DuisgravidaPraesent.net|https://randomuser.me/api/portraits/men/75.jpg|3|0|2021-04-09T00:00:00Z|2021-04-10T00:00:00Z|
Jin Melendez|37130|OSF92SPV3DP|consequat@dictumPhasellus.org|https://randomuser.me/api/portraits/men/75.jpg|8|1|2021-04-09T00:00:00Z|2021-04-10T00:00:00Z|
Rooney Fisher|99201|BFO42VPY0HS|eu@velitAliquamnisl.org|https://randomuser.me/api/portraits/men/75.jpg|2|0|2021-04-09T00:00:00Z|2021-04-10T00:00:00Z|
Allen Morris|80301|SJH42DZD0HP|pede@odio.ca|https://randomuser.me/api/portraits/men/75.jpg|0|0|2021-04-09T00:00:00Z|2021-04-10T00:00:00Z|
Nash Thomas|94102|QBK03THM9RE|mattis.velit@velitAliquamnisl.net|https://randomuser.me/api/portraits/men/75.jpg|9|0|2021-04-09T00:00:00Z|2021-04-10T00:00:00Z|
Tiger Roy|80014|ZGN86ERU8KW|ornare.egestas.ligula@tincidunt.edu|https://randomuser.me/api/portraits/men/75.jpg|9|1|2021-04-09T00:00:00Z|2021-04-10T00:00:00Z|
Quentin Randolph|37130|WJM57OXI4SX|Praesent.eu@magnisdis.net|https://randomuser.me/api/portraits/men/75.jpg|0|1|2021-04-09T00:00:00Z|2021-04-10T00:00:00Z|
Bevis Mcfarland|99201|DIZ07EJI0NF|lectus.rutrum@ultriciesligulaNullam.co.uk|https://randomuser.me/api/portraits/men/75.jpg|3|0|2021-04-09T00:00:00Z|2021-04-10T00:00:00Z|
Castor Dunn|80301|LYX08UCJ6HL|Mauris.quis.turpis@diam.com|https://randomuser.me/api/portraits/men/75.jpg|1|0|2021-04-09T00:00:00Z|2021-04-10T00:00:00Z|
Isaac Clayton|94102|WMD30SEU6NX|mi@erat.edu|https://randomuser.me/api/portraits/men/75.jpg|0|0|2021-04-09T00:00:00Z|2021-04-10T00:00:00Z|
Baker Bailey|80014|AIG41ENQ2JG|rutrum@seddolorFusce.com|https://randomuser.me/api/portraits/men/75.jpg|3|0|2021-04-09T00:00:00Z|2021-04-10T00:00:00Z|
Talon Humphrey|37130|OPI38TER7IL|accumsan@facilisismagna.edu|https://randomuser.me/api/portraits/men/75.jpg|3|0|2021-04-09T00:00:00Z|2021-04-10T00:00:00Z|
Avram Floyd|99201|TJJ43RPU5XL|In.faucibus@lectus.ca|https://randomuser.me/api/portraits/men/75.jpg|3|0|2021-04-09T00:00:00Z|2021-04-10T00:00:00Z|
Keaton Briggs|80301|NCG19WNS4WQ|mattis.Cras.eget@vitae.org|https://randomuser.me/api/portraits/men/75.jpg|8|1|2021-04-09T00:00:00Z|2021-04-10T00:00:00Z|
Keaton Sandoval|94102|PYJ42SCZ7WU|ultrices.posuere.cubilia@loremlorem.edu|https://randomuser.me/api/portraits/men/75.jpg|5|0|2021-04-09T00:00:00Z|2021-04-10T00:00:00Z|
Arthur Carroll|80014|WBH91VYU9QS|facilisis.facilisis@Quisquenonummyipsum.org|https://randomuser.me/api/portraits/men/75.jpg|6|1|2021-04-09T00:00:00Z|2021-04-10T00:00:00Z|
Raphael Roberson|37130|HJK93OYB3NL|felis.Nulla@consequat.ca|https://randomuser.me/api/portraits/men/75.jpg|3|0|2021-04-09T00:00:00Z|2021-04-10T00:00:00Z|
Laith Larsen|99201|GVZ87SGK4DK|ornare.placerat@nisl.org|https://randomuser.me/api/portraits/men/75.jpg|3|1|2021-04-09T00:00:00Z|2021-04-10T00:00:00Z|
Ulric Pratt|80301|QOI30OYR3FW|nisi.Cum@In.net|https://randomuser.me/api/portraits/men/75.jpg|7|0|2021-04-09T00:00:00Z|2021-04-10T00:00:00Z|
August Foster|94102|SMT63CWP9VV|Nunc@orciinconsequat.co.uk|https://randomuser.me/api/portraits/men/75.jpg|0|1|2021-04-09T00:00:00Z|2021-04-10T00:00:00Z|
Daniel Allen|80014|YPG73ABD2JC|Vivamus@In.ca|https://randomuser.me/api/portraits/men/75.jpg|8|0|2021-04-09T00:00:00Z|2021-04-10T00:00:00Z|
Russell Trevino|37130|XFV39NUF9CT|tellus.non.magna@parturientmontes.com|https://randomuser.me/api/portraits/men/75.jpg|4|0|2021-04-09T00:00:00Z|2021-04-10T00:00:00Z|
Aristotle Dean|99201|LCV08WFO5UF|elementum.at.egestas@Duis.edu|https://randomuser.me/api/portraits/men/75.jpg|7|0|2021-04-09T00:00:00Z|2021-04-10T00:00:00Z|
Ali Hughes|80301|KWO49XGS5EE|a.mi@sed.edu|https://randomuser.me/api/portraits/men/75.jpg|5|1|2021-04-09T00:00:00Z|2021-04-10T00:00:00Z|
Russell Downs|94102|SKU77HFH3JO|tellus.Phasellus@vellectusCum.co.uk|https://randomuser.me/api/portraits/men/75.jpg|4|0|2021-04-09T00:00:00Z|2021-04-10T00:00:00Z|
Herrod Maldonado|80014|NWA40ZXH4FW|sed.facilisis.vitae@imperdietullamcorper.co.uk|https://randomuser.me/api/portraits/men/75.jpg|5|0|2021-04-09T00:00:00Z|2021-04-10T00:00:00Z|
Craig Ellis|37130|NKI80APH9YX|felis.purus.ac@eget.com|https://randomuser.me/api/portraits/men/75.jpg|7|0|2021-04-09T00:00:00Z|2021-04-10T00:00:00Z|
Ezekiel Joyce|99201|GFJ17TEH2ZQ|libero.est@pharetranibh.co.uk|https://randomuser.me/api/portraits/men/75.jpg|0|0|2021-04-09T00:00:00Z|2021-04-10T00:00:00Z|
Sean George|80301|KUO08SKD3JW|pellentesque.a.facilisis@elit.co.uk|https://randomuser.me/api/portraits/men/75.jpg|4|0|2021-04-09T00:00:00Z|2021-04-10T00:00:00Z|
Bevis Bolton|94102|UTG99CIP0MH|Proin.velit.Sed@velquam.com|https://randomuser.me/api/portraits/men/75.jpg|5|1|2021-04-09T00:00:00Z|2021-04-10T00:00:00Z|
Amery Kline|80014|WHD65DLU3LS|eu@sollicitudin.co.uk|https://randomuser.me/api/portraits/men/75.jpg|7|1|2021-04-09T00:00:00Z|2021-04-10T00:00:00Z|
Kenneth Sims|37130|FGP91KHI6NO|neque.vitae@sagittis.com|https://randomuser.me/api/portraits/men/75.jpg|6|1|2021-04-09T00:00:00Z|2021-04-10T00:00:00Z|
Emerson Jones|99201|NRY52RGV7VR|Sed@egetlacusMauris.net|https://randomuser.me/api/portraits/men/75.jpg|9|0|2021-04-09T00:00:00Z|2021-04-10T00:00:00Z|
Jamal Benton|80301|KGW39WHC1JS|lectus.Cum.sociis@magnis.co.uk|https://randomuser.me/api/portraits/men/75.jpg|3|0|2021-04-09T00:00:00Z|2021-04-10T00:00:00Z|
Dalton Moody|94102|SUU48MNJ6JL|Duis.at.lacus@eu.edu|https://randomuser.me/api/portraits/men/75.jpg|4|1|2021-04-09T00:00:00Z|2021-04-10T00:00:00Z|
Davis Vaughan|80014|QLT21AKQ4IM|amet.lorem@Quisqueliberolacus.edu|https://randomuser.me/api/portraits/men/75.jpg|4|0|2021-04-09T00:00:00Z|2021-04-10T00:00:00Z|
Hector Trujillo|37130|AQB01CIM7OU|aliquet.Phasellus.fermentum@nunc.edu|https://randomuser.me/api/portraits/men/75.jpg|2|0|2021-04-09T00:00:00Z|2021-04-10T00:00:00Z|
Dexter Perry|99201|TGZ07TXM6QB|dictum.placerat.augue@metusIn.co.uk|https://randomuser.me/api/portraits/men/75.jpg|9|1|2021-04-09T00:00:00Z|2021-04-10T00:00:00Z|
Scott Conner|80301|ZUW62JFG4RH|adipiscing.fringilla.porttitor@maurisSuspendissealiquet.org|https://randomuser.me/api/portraits/men/75.jpg|4|1|2021-04-09T00:00:00Z|2021-04-10T00:00:00Z|
Drew Evans|94102|ZJV95CHH8OS|molestie.arcu.Sed@ataugueid.co.uk|https://randomuser.me/api/portraits/men/75.jpg|9|1|2021-04-09T00:00:00Z|2021-04-10T00:00:00Z|
Paki Diaz|80014|NBZ42FZH0BZ|Donec.egestas.Aliquam@nullaCraseu.edu|https://randomuser.me/api/portraits/men/75.jpg|9|1|2021-04-09T00:00:00Z|2021-04-10T00:00:00Z|
Alden Schwartz|37130|PZH70WCX3IH|erat.semper@nibhAliquamornare.edu|https://randomuser.me/api/portraits/men/75.jpg|8|0|2021-04-09T00:00:00Z|2021-04-10T00:00:00Z|
Clinton Schneider|99201|TYE61QXX4TV|dictum.eu@Nam.net|https://randomuser.me/api/portraits/men/75.jpg|4|1|2021-04-09T00:00:00Z|2021-04-10T00:00:00Z|
Tyrone Mccormick|80301|NDV12KWU3UO|tempus@lectusNullamsuscipit.org|https://randomuser.me/api/portraits/men/75.jpg|6|0|2021-04-09T00:00:00Z|2021-04-10T00:00:00Z|
Isaiah Hebert|94102|RGF50SMO3OQ|feugiat.non.lobortis@justonec.net|https://randomuser.me/api/portraits/men/75.jpg|1|0|2021-04-09T00:00:00Z|2021-04-10T00:00:00Z|
Dale Bradford|80014|BPC10FDS4JJ|mattis@aliquameros.ca|https://randomuser.me/api/portraits/men/75.jpg|1|1|2021-04-09T00:00:00Z|2021-04-10T00:00:00Z|
Chester Owens|37130|SKC86MII8VR|mauris.ut@Mauris.com|https://randomuser.me/api/portraits/men/75.jpg|10|0|2021-04-09T00:00:00Z|2021-04-10T00:00:00Z|
Reuben Cobb|99201|JAE54MQW8NG|neque@dignissim.co.uk|https://randomuser.me/api/portraits/men/75.jpg|0|1|2021-04-09T00:00:00Z|2021-04-10T00:00:00Z|
Vance Saunders|80301|TIW76QZF2CF|enim.nec@convalliserateget.org|https://randomuser.me/api/portraits/men/75.jpg|3|1|2021-04-09T00:00:00Z|2021-04-10T00:00:00Z|
Derek Peterson|94102|KSV85HAF3JV|a.facilisis.non@dui.ca|https://randomuser.me/api/portraits/men/75.jpg|6|1|2021-04-09T00:00:00Z|2021-04-10T00:00:00Z|
Raja Arnold|80014|SAG59XNX8AB|cursus.et.magna@mi.edu|https://randomuser.me/api/portraits/men/75.jpg|7|1|2021-04-09T00:00:00Z|2021-04-10T00:00:00Z|
Elijah Gill|37130|JKR12RHQ5NV|ligula@urna.co.uk|https://randomuser.me/api/portraits/men/75.jpg|8|0|2021-04-09T00:00:00Z|2021-04-10T00:00:00Z|
Cadman Lamb|99201|LVC97CLL3IR|neque.Nullam@turpis.ca|https://randomuser.me/api/portraits/men/75.jpg|9|0|2021-04-09T00:00:00Z|2021-04-10T00:00:00Z|
Samson Lee|80301|QWY34QDR0VE|vulputate.ullamcorper.magna@vel.ca|https://randomuser.me/api/portraits/men/75.jpg|7|0|2021-04-09T00:00:00Z|2021-04-10T00:00:00Z|
Cyrus Ortiz|94102|DFV88FNF9UF|magna.Praesent@ultriciesadipiscingenim.ca|https://randomuser.me/api/portraits/men/75.jpg|4|0|2021-04-09T00:00:00Z|2021-04-10T00:00:00Z|
Marshall Cole|80014|PMP99FGT5EO|Lorem.ipsum@sedpede.com|https://randomuser.me/api/portraits/men/75.jpg|4|1|2021-04-09T00:00:00Z|2021-04-10T00:00:00Z|
Cadman Beck|37130|VCA58IUO5JX|sed.leo@facilisisfacilisis.co.uk|https://randomuser.me/api/portraits/men/75.jpg|10|0|2021-04-09T00:00:00Z|2021-04-10T00:00:00Z|
Raymond Bass|99201|SAZ34WBC5TE|nisl.sem@lectusantedictum.ca|https://randomuser.me/api/portraits/men/75.jpg|1|1|2021-04-09T00:00:00Z|2021-04-10T00:00:00Z|
Cole Hansen|80301|NPK96JJI4GO|a@posuere.net|https://randomuser.me/api/portraits/men/75.jpg|6|0|2021-04-09T00:00:00Z|2021-04-10T00:00:00Z|
Lucius Chavez|94102|UAC37DDS7HY|nonummy.ultricies@laoreetlibero.org|https://randomuser.me/api/portraits/men/75.jpg|0|0|2021-04-09T00:00:00Z|2021-04-10T00:00:00Z|
Leonard Blackburn|80014|YCC85ZOB4LJ|Cras@laciniaSed.ca|https://randomuser.me/api/portraits/men/75.jpg|1|1|2021-04-09T00:00:00Z|2021-04-10T00:00:00Z|
Fuller Barrera|37130|XOC79EPV4QX|Fusce.mi.lorem@nec.com|https://randomuser.me/api/portraits/men/75.jpg|2|1|2021-04-09T00:00:00Z|2021-04-10T00:00:00Z